1,1,0.204096
1,2,0.001361
1,3,0.006301
2,1,0.006277
2,2,0.006278
2,3,0.001143
3,1,0.001474
3,2,0.001027
3,3,0.001256
4,1,0.103817
4,2,0.001376
4,3,0.000859
5,1,0.001497
5,2,0.000975
5,3,0.006304
6,1,0.056817
6,2,0.000978
6,3,0.000714
7,1,0.001363
7,2,0.001548
7,3,0.001315
8,1,0.053614
8,2,0.001115
8,3,0.001177
9,1,0.000785
9,2,0.001191
9,3,0.001129
10,1,0.053659
10,2,0.000904
10,3,0.001122
11,1,0.001443
11,2,0.001316
11,3,0.001032
12,1,0.001346
12,2,0.001317
12,3,0.001336
13,1,0.053477
13,2,0.001060
13,3,0.001231
14,1,0.001463
14,2,0.001367
14,3,0.001370
15,1,0.053663
15,2,0.000910
15,3,0.001359
16,1,0.001344
16,2,0.103922
16,3,0.001323
17,1,0.053582
17,2,0.001279
17,3,0.001112
18,1,0.030381
18,2,0.001315
18,3,0.001262
19,1,0.001421
19,2,0.000765
19,3,0.001157
20,1,0.053640
20,2,0.001316
20,3,0.001379
21,1,0.001368
21,2,0.001287
21,3,0.000702
22,1,0.053634
22,2,0.001028
22,3,0.000725
23,1,0.001422
23,2,0.001243
23,3,0.000723
24,1,0.053463
24,2,0.001392
24,3,0.001316
25,1,0.000833
25,2,0.001186
25,3,0.001320
26,1,0.053618
26,2,0.001296
26,3,0.001332
27,1,0.001503
27,2,0.000998
27,3,0.001126
28,1,0.053668
28,2,0.001316
28,3,0.001289
29,1,0.001395
29,2,0.000830
29,3,0.001071
30,1,0.001405
30,2,0.001261
30,3,0.001278
31,1,0.001466
31,2,0.001286
31,3,0.001258
32,1,0.040227
32,2,0.000973
32,3,0.000945
33,1,0.001365
33,2,0.000817
33,3,0.001195
34,1,0.053599
34,2,0.001409
34,3,0.001249
35,1,0.001481
35,2,0.001281
35,3,0.000763
36,1,0.001332
36,2,0.001311
36,3,0.000713
37,1,0.053642
37,2,0.001304
37,3,0.001245
38,1,0.001497
38,2,0.000911
38,3,0.000978
39,1,0.001327
39,2,0.001373
39,3,0.001461
40,1,0.001245
40,2,0.001365
40,3,0.001152
41,1,0.053672
41,2,0.001295
41,3,0.000697
42,1,0.001669
42,2,0.000772
42,3,0.001096
43,1,0.056796
43,2,0.001260
43,3,0.001295
1,1,0.053379
1,2,0.000833
1,3,0.006301
2,1,0.053541
2,2,0.001336
2,3,0.006307
3,1,0.053678
3,2,0.001327
3,3,0.006278
4,1,0.053707
4,2,0.001180
4,3,0.001013
5,1,0.053659
5,2,0.001325
5,3,0.001057
6,1,0.051050
6,2,0.005198
6,3,0.001008
7,1,0.053624
7,2,0.006290
7,3,0.001238
8,1,0.053478
8,2,0.001265
8,3,0.000947
9,1,0.053733
9,2,0.001099
9,3,0.000713
10,1,0.053650
10,2,0.001032
10,3,0.000895
11,1,0.053740
11,2,0.001213
11,3,0.000877
12,1,0.056691
12,2,0.001331
12,3,0.001240
13,1,0.053586
13,2,0.001245
13,3,0.001326
14,1,0.053443
14,2,0.001314
14,3,0.000806
15,1,0.056499
15,2,0.001164
15,3,0.000696
16,1,0.053537
16,2,0.001309
16,3,0.000732
17,1,0.053351
17,2,0.001244
17,3,0.001114
18,1,0.053577
18,2,0.001309
18,3,0.001175
19,1,0.053628
19,2,0.001282
19,3,0.000732
20,1,0.053522
20,2,0.001332
20,3,0.001235
21,1,0.053637
21,2,0.000793
21,3,0.001122
22,1,0.053487
22,2,0.000835
22,3,0.000791
23,1,0.053552
23,2,0.000746
23,3,0.001112
24,1,0.053610
24,2,0.001055
24,3,0.001233
25,1,0.053658
25,2,0.001339
25,3,0.001262
26,1,0.053718
26,2,0.001323
26,3,0.001457
27,1,0.053611
27,2,0.001291
27,3,0.000723
28,1,0.053675
28,2,0.000755
28,3,0.000744
29,1,0.056817
29,2,0.001175
29,3,0.000734
30,1,0.053449
30,2,0.001303
30,3,0.000731
31,1,0.053606
31,2,0.000819
31,3,0.001075
32,1,0.053601
32,2,0.001328
32,3,0.001290
33,1,0.053610
33,2,0.001290
33,3,0.000713
34,1,0.052233
34,2,0.001260
34,3,0.000763
35,1,0.053695
35,2,0.001308
35,3,0.001132
36,1,0.057338
36,2,0.000989
36,3,0.000937
37,1,0.053528
37,2,0.001411
37,3,0.001296
38,1,0.053686
38,2,0.001398
38,3,0.000763
39,1,0.052144
39,2,0.001138
39,3,0.000743
40,1,0.057750
40,2,0.000968
40,3,0.001250
41,1,0.053717
41,2,0.001257
41,3,0.001317
42,1,0.053725
42,2,0.001097
42,3,0.000820
43,1,0.053626
43,2,0.001253
43,3,0.000902
1,1,
1,2,
1,3,
2,1,
2,2,
2,3,
3,1,
3,2,
3,3,
1,1,2.612210663
1,2,0.185528796
1,3,0.168833564
2,1,2.505013974
2,2,0.203244578
2,3,0.187060377
3,1,3.997052469
3,2,0.391310367
3,3,0.368406021
4,1,3.641951656
4,2,0.572387398
4,3,0.556404273
5,1,4.754699756
5,2,1.909676123
5,3,1.917840228
1,1,1.962126136
1,2,0.187724556
1,3,0.167031456
2,1,2.14971027
2,2,0.208995765
2,3,0.186075677
3,1,1.765621253
3,2,0.390066324
3,3,0.370123624
4,1,0.551883683
4,2,0.554105917
4,3,0.553027339
5,1,1.887568542
5,2,1.916943823
5,3,1.919599527
6,1,3.057260055
6,2,1.994159936
6,3,2.005358751
7,1,1.597833864
7,2,0.206460239
7,3,0.181871583
8,1,0.227328566
8,2,0.1903724
8,3,0.190361028
9,1,1.857977621
9,2,1.778265206
9,3,1.774265156
10,1,2.319187494
10,2,2.327096759
10,3,2.325583776
11,1,1.202523816
11,2,1.126122191
11,3,1.12477465
12,1,1.287146178
12,2,1.274545875
12,3,1.284960418
13,1,2.5794564
13,2,2.591537886
13,3,2.605775232
14,1,3.593614383
14,2,3.595161558
14,3,3.587423572
15,1,2.888227918
15,2,2.884428319
15,3,2.875028587
16,1,3.002803957
16,2,3.004937233
16,3,3.017495435
17,1,6.345348202
17,2,6.331287533
17,3,6.329060196
18,1,4.158493867
18,2,4.100327843
18,3,4.164498278
19,1,11.458256103
19,2,10.973449095
19,3,10.997037626
20,1,0.60517022
20,2,0.58382763
20,3,0.587699137
21,1,14.845091277
21,2,10.430328971
21,3,10.459333517
22,1,11.768781959
22,2,11.791600109
22,3,11.647308114
23,1,21.432239154
23,2,21.438443854
23,3,21.03980298
24,1,62.112048905
24,2,66.44889136
24,3,64.20474237
25,1,4.249796154
25,2,2.569776952
25,3,2.573224624
26,1,2.228507499
26,2,2.215140266
26,3,2.210184257
27,1,2.361307129
27,2,2.368556196
27,3,2.354210131
28,1,13.07596479
28,2,12.179261919
28,3,12.385207601
29,1,31.073968961
29,2,30.521289481
29,3,30.491426956
30,1,
30,2,
30,3,
31,1,3.113485218
31,2,3.105291954
31,3,3.08803165
32,1,6.064207316
32,2,4.266972577
32,3,4.26063781
33,1,19.019061966
33,2,19.977469259
33,3,16.823187112
34,1,18.672039363
34,2,15.104087401
34,3,14.968138283
35,1,15.145221555
35,2,15.016472426
35,3,15.042307897
36,1,2.975415519
36,2,3.002026951
36,3,2.958001151
37,1,11.121863782
37,2,11.109173049
37,3,11.03132926
38,1,13.29787096
